Type,Published,Is Featured,Visibility,Tax Status,In Stock,Backorder,Sold Individually,Allow Customer Reviews,Parent,Name,Regular Price,Description,SKU,Image,Attribute 1 Name,Attribute 1 Value,Attribute 1 Visibility,Attribute 1 Global,Attribute 2 Name,Attribute 2 Value,Attribute 1 Visibility,Attribute 1 Global
variable,1,0,visible,taxable,1,0,0,,,Glitter Crepe V-Neckline Long Prom Dress ACR013,130,"<p>Spaghetti Strap V-Neckline Glitter Crepe Sleeveless A-Line Shape Long Evening Prom Bridesmaid Dress with open back and zipper clouser.</p>
<div class=""std"">
<div class=""std"">
<div class=""std"">
<div class=""std"">
<div class=""std"">
<div class=""std"">
<div class=""std"">
<div class=""std"">
<div class=""std"">
<div class=""shortdescription"">
<ul class=""a-unordered-list a-vertical a-spacing-none"">
<li><span class=""a-list-item"">Material: 100% Polyester<br></span></li>
<li><span class=""a-list-item"">V-Neckline<br></span></li>
<li><span class=""a-list-item"">Sleeveless Long DressåÊ</span></li>
<li>A-Line Silhouette Long Dress</li>
<li>
<span class=""a-list-item"">V-Neckline</span>, A-Line Silhouette, Maxi Long Length,Concealed Back Zipper makes it easy to put on and take off.</li>
<li><span class=""a-list-item"">Occasion: Formal, Evening, Guest of Wedding, Mother of the Bride, Gala, Party, Banquet, Prom, Ball, Special Occasion.</span></li>
<li><span class=""a-list-item"">Garment Care:åÊ<span>Dry Clean SuggestedåÊ</span></span></li>
</ul>
<p></p>
<ul>
<li>
</li>
<li>
</li>
<li>
</li>
</ul>
</div>
</div>
</div>
</div>
</div>
</div>
</div>
</div>
</div>
</div>",acr013,https://cdn.shopify.com/s/files/1/0027/1076/5666/products/R013-2_fb70c32f-aeef-49ee-b35c-61a3db3394f1.jpg?v=1571710311,Size,"XS,M,L,XL,2XL",0,1,Color,"GOLD,ROSE",0,1
variation,1,0,visible,taxable,1,0,0,,acr013,,130,,,https://cdn.shopify.com/s/files/1/0027/1076/5666/products/R013-3.jpg?v=1571710311,Size,XS,0,1,Color,GOLD,0,1
variation,1,0,visible,taxable,1,0,0,,acr013,,146,,,,Size,XS,0,1,Color,ROSE,0,1
variation,1,0,visible,taxable,1,0,0,,acr013,,130,,,,Size,S,0,1,Color,GOLD,0,1
variation,1,0,visible,taxable,1,0,0,,acr013,,130,,,,Size,S,0,1,Color,ROSE,0,1
variation,1,0,visible,taxable,1,0,0,,acr013,,130,,,,Size,M,0,1,Color,ROSE,0,1
variation,1,0,visible,taxable,1,0,0,,acr013,,130,,,,Size,L,0,1,Color,GOLD,0,1
variation,1,0,visible,taxable,1,0,0,,acr013,,130,,,,Size,L,0,1,Color,ROSE,0,1
variation,1,0,visible,taxable,1,0,0,,acr013,,130,,,,Size,XL,0,1,Color,ROSE,0,1
variation,1,0,visible,taxable,1,0,0,,acr013,,130,,,,Size,2XL,0,1,Color,GOLD,0,1
variation,1,0,visible,taxable,1,0,0,,acr013,,130,,,,Size,2XL,0,1,Color,ROSE,0,1
variable,1,0,visible,taxable,1,0,0,,,V-Neckline Short Sleeves BLACK Evening Dress TKTWOSS19OS0030,58,"<p>Fluffy Dress Short Sleeves V-neckline short A-Line Shape Evening Prom Party Bridesmaid Dress with v-back and zipper clouser.</p><div class=""std""><div class=""std""><div class=""std""><div class=""std""><div class=""std""><div class=""std""><div class=""std""><div class=""std""><div class=""std""><div class=""shortdescription""><ul class=""a-unordered-list a-vertical a-spacing-none""><li><span class=""a-list-item"">Material: 100% Polyester<br></span></li><li><span class=""a-list-item"">V-Neckline<br></span></li><li><span class=""a-list-item"">Sleeveless Short DressåÊ</span></li><li>A-Line Silhouette Long Dress</li><li><span class=""a-list-item"">V-Neckline</span>, A-LineSilhouette, Short Length,Concealed Back Zipper makes it easy to put on and take off.</li><li><span class=""a-list-item"">Occasion: Formal, Evening, Guest of Wedding, Mother of the Bride, Gala, Party, Banquet, Prom, Ball, Special Occasion.</span></li><li><span class=""a-list-item"">Garment Care:åÊ<span>Dry Clean SuggestedåÊ</span></span></li></ul><p></p><ul><li></li>
<li></li>
<li></li>
</ul></div></div></div></div></div></div></div></div></div></div>",tktwoss19os0030,https://cdn.shopify.com/s/files/1/0027/1076/5666/products/8681825407421_1_org_zoom_8f8f3587-d7da-43ca-9feb-ad29362b1ae4.jpg?v=1571710311,Size,"S,M,L,XL",0,1,Color,BLACK,0,1
variation,1,0,visible,taxable,1,0,0,,tktwoss19os0030,,58,,,https://cdn.shopify.com/s/files/1/0027/1076/5666/products/8681825407421_2_org_zoom.jpg?v=1571710311,Size,S,0,1,Color,BLACK,0,1
variation,1,0,visible,taxable,1,0,0,,tktwoss19os0030,,58,,,https://cdn.shopify.com/s/files/1/0027/1076/5666/products/8681825407421_3_org_zoom.jpg?v=1571710311,Size,M,0,1,Color,BLACK,0,1
variation,1,0,visible,taxable,1,0,0,,tktwoss19os0030,,58,,,https://cdn.shopify.com/s/files/1/0027/1076/5666/products/8681825407421_5_org_zoom.jpg?v=1571710311,Size,L,0,1,Color,BLACK,0,1
variation,1,0,visible,taxable,1,0,0,,tktwoss19os0030,,58,,,,Size,XL,0,1,Color,BLACK,0,1
variable,1,0,visible,taxable,1,0,0,,,Spaghetti Strap Sleeveless V-Neck Long Evening Dress TKTPRAW19FZ0276,62,"<p>Sleeveless Spaghetti Strap Leg Slit A-Line Shape Long Evening Party Bridesmaid Dress with open back and strap clouser.</p><div class=""std""><div class=""std""><div class=""std""><div class=""std""><div class=""std""><div class=""std""><div class=""std""><div class=""std""><div class=""std""><div class=""shortdescription""><ul class=""a-unordered-list a-vertical a-spacing-none""><li><span class=""a-list-item"">Material: 100% Polyester<br></span></li><li><span class=""a-list-item"">V-Neckline<br></span></li><li><span class=""a-list-item"">Sleeveless Long DressåÊ</span></li><li>A-Line Silhouette Long Dress</li><li><span class=""a-list-item"">V-Neckline</span>, A-Line Silhouette, Maxi Long Length,Concealed Back Zipper makes it easy to put on and take off.</li><li><span class=""a-list-item"">Occasion: Formal, Evening, Guest of Wedding, Mother of the Bride, Gala, Party, Banquet, Prom, Ball, Special Occasion.</span></li><li><span class=""a-list-item"">Garment Care:åÊ<span>Dry Clean SuggestedåÊ</span></span></li></ul><p></p><ul><li></li>
<li></li>
<li></li>
</ul></div></div></div></div></div></div></div></div></div></div>",tktpraw19fz0276,https://cdn.shopify.com/s/files/1/0027/1076/5666/products/8680651085476_3_org_zoom_ebc7653f-063c-4f4b-b4c6-b9621c9d215f.jpg?v=1571710311,Size,,0,1,Color,,0,1
variable,1,0,visible,taxable,1,0,0,,,Halter Neckline Sleeveless Soft Evening Dress TKTWOSS19YD0032,58,"<p>Sleeveless Halter Neckline Long Belt A-Line Lace Skirt Short Evening Party Bridesmaid Dress with close back and zipper clouser.</p><div class=""std""><div class=""std""><div class=""std""><div class=""std""><div class=""std""><div class=""std""><div class=""std""><div class=""std""><div class=""std""><div class=""shortdescription""><ul class=""a-unordered-list a-vertical a-spacing-none""><li><span class=""a-list-item"">Material: 100% Polyester<br></span></li><li><span class=""a-list-item"">|Halter Neckline<br></span></li><li><span class=""a-list-item"">Sleeveless Short DressåÊ</span></li><li>Sheath Silhouette Short Dress</li><li><span class=""a-list-item"">V-Neckline</span>, Sheath Silhouette, Short Length,Concealed Back Zipper makes it easy to put on and take off.</li><li><span class=""a-list-item"">Occasion: Formal, Evening, Guest of Wedding, Mother of the Bride, Gala, Party, Banquet, Prom, Ball, Special Occasion.</span></li><li><span class=""a-list-item"">Garment Care:åÊ<span>Dry Clean SuggestedåÊ</span></span></li></ul><p></p><ul><li></li>
<li></li>
<li></li>
</ul></div></div></div></div></div></div></div></div></div></div>",tktwoss19yd0032,https://cdn.shopify.com/s/files/1/0027/1076/5666/products/8681825312459_1_org_zoom_0ada439b-20c7-4f57-b5ed-e94b4ab7ad7f.jpg?v=1571710311,Size,XL,0,1,Color,ORANGE,0,1
variation,1,0,visible,taxable,1,0,0,,tktwoss19yd0032,,54,,,https://cdn.shopify.com/s/files/1/0027/1076/5666/products/8681825312459_2_org_zoom_c517caca-1171-41dc-9c01-ad5e4879256e.jpg?v=1571710311,Size,XL,0,1,Color,ORANGE,0,1
variation,1,0,visible,taxable,1,0,0,,tktwoss19yd0032,,58,,,https://cdn.shopify.com/s/files/1/0027/1076/5666/products/8681825312459_4_org_zoom.jpg?v=1571710311,Size,L,0,1,Color,ORANGE,0,1
variable,1,0,visible,taxable,1,0,0,,,Cap Sleeves Scoop Neckline A-Line Long Prom Dress APL2157,240,"<p>Patterned Scoop Neckline Cap Sleeves A-Line Shape Long Evening Prom Bridesmiad Dress with sheer back and zipper clouser.</p><div class=""std""><div class=""std""><div class=""std""><div class=""std""><div class=""std""><div class=""std""><div class=""std""><div class=""std""><div class=""std""><div class=""shortdescription""><ul class=""a-unordered-list a-vertical a-spacing-none""><li><span class=""a-list-item"">Material: 100% Polyester<br></span></li><li><span class=""a-list-item"">Scoop Neckline<br></span></li><li><span class=""a-list-item"">Sleeveless Long DressåÊ</span></li><li>A-line Silhouette Long Dress</li><li><span class=""a-list-item"">Scoop Neckline</span>, A-Line Silhouette, Maxi Long Length,Concealed Back Zipper makes it easy to put on and take off.</li><li><span class=""a-list-item"">Occasion: Formal, Evening, Guest of Wedding, Mother of the Bride, Gala, Party, Banquet, Prom, Ball, Special Occasion.</span></li><li><span class=""a-list-item"">Garment Care:åÊ<span>Dry Clean SuggestedåÊ</span></span></li></ul><p></p><ul><li></li>
<li></li>
<li>Quick order procession</li></ul></div></div></div></div></div></div></div></div></div></div>",apl2157,https://cdn.shopify.com/s/files/1/0027/1076/5666/products/l2157_blush_1_1_04e8486c-5395-406b-a60d-9d7b3468e154.jpg?v=1571710311,Size,"XXS,M,L,XL,2XL",0,1,Color,"CHAMPAGNE,ROYAL,BLUSH",0,1
variation,1,0,visible,taxable,1,0,0,,apl2157,,240,,,https://cdn.shopify.com/s/files/1/0027/1076/5666/products/l2157_blush_2_1_ba6186cf-1499-4b69-81ed-62d73c0672e8.jpg?v=1571710311,Size,XXS,0,1,Color,CHAMPAGNE,0,1
variation,1,0,visible,taxable,1,0,0,,apl2157,,240,,,https://cdn.shopify.com/s/files/1/0027/1076/5666/products/l2157_detail_1_61063f14-9b2c-4f01-815e-e17cc4f7fc58.jpg?v=1571710311,Size,XXS,0,1,Color,ROYAL,0,1
variation,1,0,visible,taxable,1,0,0,,apl2157,,240,,,https://cdn.shopify.com/s/files/1/0027/1076/5666/products/l2157_royal_1_1_155d9086-b001-4dab-9f3e-c21768395999.jpg?v=1571710311,Size,XS,0,1,Color,BLUSH,0,1
variation,1,0,visible,taxable,1,0,0,,apl2157,,240,,,https://cdn.shopify.com/s/files/1/0027/1076/5666/products/l2157_royal_2_1.jpg?v=1571710311,Size,XS,0,1,Color,CHAMPAGNE,0,1
variation,1,0,visible,taxable,1,0,0,,apl2157,,240,,,,Size,XS,0,1,Color,ROYAL,0,1
variation,1,0,visible,taxable,1,0,0,,apl2157,,240,,,,Size,S,0,1,Color,BLUSH,0,1
variation,1,0,visible,taxable,1,0,0,,apl2157,,240,,,,Size,S,0,1,Color,CHAMPAGNE,0,1
variation,1,0,visible,taxable,1,0,0,,apl2157,,240,,,,Size,S,0,1,Color,ROYAL,0,1
variation,1,0,visible,taxable,1,0,0,,apl2157,,240,,,,Size,M,0,1,Color,BLUSH,0,1
variation,1,0,visible,taxable,1,0,0,,apl2157,,240,,,,Size,M,0,1,Color,CHAMPAGNE,0,1
variation,1,0,visible,taxable,1,0,0,,apl2157,,240,,,,Size,M,0,1,Color,ROYAL,0,1
variation,1,0,visible,taxable,1,0,0,,apl2157,,240,,,,Size,L,0,1,Color,BLUSH,0,1
variation,1,0,visible,taxable,1,0,0,,apl2157,,240,,,,Size,L,0,1,Color,CHAMPAGNE,0,1
variation,1,0,visible,taxable,1,0,0,,apl2157,,240,,,,Size,L,0,1,Color,ROYAL,0,1
variation,1,0,visible,taxable,1,0,0,,apl2157,,240,,,,Size,XL,0,1,Color,BLUSH,0,1
variation,1,0,visible,taxable,1,0,0,,apl2157,,240,,,,Size,XL,0,1,Color,CHAMPAGNE,0,1
variation,1,0,visible,taxable,1,0,0,,apl2157,,240,,,,Size,XL,0,1,Color,ROYAL,0,1
variation,1,0,visible,taxable,1,0,0,,apl2157,,240,,,,Size,2XL,0,1,Color,BLUSH,0,1
variation,1,0,visible,taxable,1,0,0,,apl2157,,240,,,,Size,2XL,0,1,Color,CHAMPAGNE,0,1
variation,1,0,visible,taxable,1,0,0,,apl2157,,240,,,,Size,2XL,0,1,Color,ROYAL,0,1
variable,1,0,visible,taxable,1,0,0,,,V-Neckline Sleeveless Black Leg Slit Long Evening Dress TKTPRAW19FZ0276,88,"<p>Spaghetti Strap V-Neckline Sleeveless Lace Leg Slit A-Line Shape Long Evening Bridesmaid Party Dress with open back and zipper closuer.</p><ul class=""a-unordered-list a-vertical a-spacing-none""><li><span class=""a-list-item"">Material: 100% Chiffon</span></li><li><span class=""a-list-item"">V-Neckline Spaghetti Straps<br></span></li><li>Maxi Long A-Line Silhouette</li><li><span class=""a-list-item"">Style: V-Neckline , Sexy A-Line Silhouette, Maxi Length, Open Back , Concealed Back Zipper makes it easy to put on and take off.</span></li><li><span class=""a-list-item"">Occasion: Formal, Evening, Guest of Wedding, Bridal, Bridesmaid, Mother of the Bride, Gala, Party, Special Occasion.</span></li><li><span class=""a-list-item"">Garment Care:<span>åÊ</span><span>Dry Clean SuggestedåÊ</span></span></li></ul><p></p><ul><li></li>
<li></li>
<li>g</li><li>Special Discounts</li></ul><p>åÊDo not miss the opportunity to purchase a dress and prepare for the season</p>",tktpraw19fz0276,https://cdn.shopify.com/s/files/1/0027/1076/5666/products/8680651085476_4_org_zoom.jpg?v=1571710310,Size,"L,XL",0,1,Color,BLACK,0,1
variation,1,0,visible,taxable,1,0,0,,tktpraw19fz0276,,88,,,https://cdn.shopify.com/s/files/1/0027/1076/5666/products/8680651085476_1_org_zoom.jpg?v=1571710310,Size,L,0,1,Color,BLACK,0,1
variation,1,0,visible,taxable,1,0,0,,tktpraw19fz0276,,88,,,https://cdn.shopify.com/s/files/1/0027/1076/5666/products/8680651085476_2_org_zoom.jpg?v=1571710310,Size,XL,0,1,Color,BLACK,0,1
variation,1,0,visible,taxable,1,0,0,,tktpraw19fz0276,,,,,https://cdn.shopify.com/s/files/1/0027/1076/5666/products/8680651085476_3_org_zoom.jpg?v=1571710310,Size,,0,1,Color,,0,1
variable,1,0,visible,taxable,1,0,0,,,Blue Button Clouser Sleeveless Short Party Dress TKTWOSS19AA0042,54,"<p>Button Clouser Square Neckline Sleeveless A-Line shape Short Evening Party Dress with close back and button closuer.</p><ul class=""a-unordered-list a-vertical a-spacing-none""><li><span class=""a-list-item"">Material: 100% Polyester</span></li><li><span class=""a-list-item"">Square Neckline<br></span></li><li><span class=""a-list-item"">Long Sleeveless DressåÊ</span></li><li>Close Back with Buttons</li><li>A-line Silhouette ShortåÊ Dress</li><li><span class=""a-list-item"">Square NecklineåÊ</span>, A-line Silhouette, Short Length,Concealed Back Zipper makes it easy to put on and take off.</li><li><span class=""a-list-item"">Occasion: Formal, Evening, Cocktail, Guest of Wedding, Mother of the Bride, Gala, Party, Banquet, Prom, Ball, Special Occasion.</span></li><li><span class=""a-list-item"">Garment Care:åÊ<span>Dry Clean SuggestedåÊ</span></span></li></ul><p></p><ul><li></li>
<li></li>
<li>Quick order procession</li></ul>",tktwoss19aa0042,https://cdn.shopify.com/s/files/1/0027/1076/5666/products/8681825594428_1_org_zoom.jpg?v=1571710310,Size,,0,1,Color,,0,1
variable,1,0,visible,taxable,1,0,0,,,Button Clouser Sleeveless Short Party Dress TKTWOSS19AA0042,54,"<p>Button Clouser Square Neckline Sleeveless A-Line shape Short Evening Party Dress with close back and button closuer.</p><ul class=""a-unordered-list a-vertical a-spacing-none""><li><span class=""a-list-item"">Material: 100% Polyester</span></li><li><span class=""a-list-item"">Square Neckline<br></span></li><li><span class=""a-list-item"">Long Sleeveless DressåÊ</span></li><li>Close Back with Buttons</li><li>A-line Silhouette ShortåÊ Dress</li><li><span class=""a-list-item"">Square NecklineåÊ</span>, A-line Silhouette, Short Length,Concealed Back Zipper makes it easy to put on and take off.</li><li><span class=""a-list-item"">Occasion: Formal, Evening, Cocktail, Guest of Wedding, Mother of the Bride, Gala, Party, Banquet, Prom, Ball, Special Occasion.</span></li><li><span class=""a-list-item"">Garment Care:åÊ<span>Dry Clean SuggestedåÊ</span></span></li></ul><p></p><ul><li></li>
<li></li>
<li>Quick order procession</li></ul>",tktwoss19aa0042,https://cdn.shopify.com/s/files/1/0027/1076/5666/products/8681825311537_1_org_zoom.jpg?v=1571710310,Size,,0,1,Color,,0,1
variable,1,0,visible,taxable,1,0,0,,,Evening Gowns 2019 APL1606,126,"<p>Solid Color Floor Length Evening Gowns 2019 with Beading Embellished Bateau Neckline, Waistline and Semi Sheer Back.åÊThere is also a Cutout on the Lower Back, Flowing Long Skirt with Sweeping Train Detail and Above Knee Length Front Slit Completes the Style.</p>",apl1606,https://cdn.shopify.com/s/files/1/0027/1076/5666/products/a73275c7-2019-4534-b737-ecbbcfb94c02_cd79c111-56b1-44f8-a1a2-0cb14b7d6a97.jpg?v=1571710310,Size,"XXS,M,L,XL,2XL",0,1,Color,"OFF WHITE/PERRY BLUE,OFF WHITE/CORAL,OFF WH/CORAL,OFF WH/PERRY",0,1
variation,1,0,visible,taxable,1,0,0,,apl1606,,126,,,https://cdn.shopify.com/s/files/1/0027/1076/5666/products/b0e65cf1-b95e-4d6b-b749-7a91370ec5e0_4cc5204c-8eb4-4087-b0b1-4e40f06c4363.jpg?v=1571710310,Size,XXS,0,1,Color,OFF WHITE/PERRY BLUE,0,1
variation,1,0,visible,taxable,1,0,0,,apl1606,,126,,,https://cdn.shopify.com/s/files/1/0027/1076/5666/products/b1f95632-cf7c-4f97-946b-3d10729930bc_745a89af-04b8-4656-9f54-01e7fb616aa2.jpg?v=1571710310,Size,XS,0,1,Color,OFF WHITE/CORAL,0,1
variation,1,0,visible,taxable,1,0,0,,apl1606,,126,,,,Size,XS,0,1,Color,OFF WHITE/PERRY BLUE,0,1
variation,1,0,visible,taxable,1,0,0,,apl1606,,126,,,,Size,S,0,1,Color,OFF WHITE/CORAL,0,1
variation,1,0,visible,taxable,1,0,0,,apl1606,,126,,,,Size,S,0,1,Color,OFF WHITE/PERRY BLUE,0,1
variation,1,0,visible,taxable,1,0,0,,apl1606,,126,,,,Size,M,0,1,Color,OFF WHITE/CORAL,0,1
variation,1,0,visible,taxable,1,0,0,,apl1606,,126,,,,Size,M,0,1,Color,OFF WHITE/PERRY BLUE,0,1
variation,1,0,visible,taxable,1,0,0,,apl1606,,126,,,,Size,L,0,1,Color,OFF WHITE/CORAL,0,1
variation,1,0,visible,taxable,1,0,0,,apl1606,,126,,,,Size,L,0,1,Color,OFF WHITE/PERRY BLUE,0,1
variation,1,0,visible,taxable,1,0,0,,apl1606,,126,,,,Size,XL,0,1,Color,OFF WHITE/CORAL,0,1
variation,1,0,visible,taxable,1,0,0,,apl1606,,126,,,,Size,XL,0,1,Color,OFF WHITE/PERRY BLUE,0,1
variation,1,0,visible,taxable,1,0,0,,apl1606,,126,,,,Size,2XL,0,1,Color,OFF WHITE/CORAL,0,1
variation,1,0,visible,taxable,1,0,0,,apl1606,,126,,,,Size,2XL,0,1,Color,OFF WHITE/PERRY BLUE,0,1
variation,1,0,visible,taxable,1,0,0,,apl1606,,126,,,,Size,XS,0,1,Color,OFF WH/CORAL,0,1
variation,1,0,visible,taxable,1,0,0,,apl1606,,126,,,,Size,S,0,1,Color,OFF WH/PERRY,0,1
variation,1,0,visible,taxable,1,0,0,,apl1606,,126,,,,Size,S,0,1,Color,OFF WH/CORAL,0,1
variation,1,0,visible,taxable,1,0,0,,apl1606,,126,,,,Size,M,0,1,Color,OFF WH/PERRY,0,1
variation,1,0,visible,taxable,1,0,0,,apl1606,,126,,,,Size,M,0,1,Color,OFF WH/CORAL,0,1
variation,1,0,visible,taxable,1,0,0,,apl1606,,126,,,,Size,L,0,1,Color,OFF WH/PERRY,0,1
variation,1,0,visible,taxable,1,0,0,,apl1606,,126,,,,Size,L,0,1,Color,OFF WH/CORAL,0,1
variation,1,0,visible,taxable,1,0,0,,apl1606,,126,,,,Size,XL,0,1,Color,OFF WH/PERRY,0,1
variation,1,0,visible,taxable,1,0,0,,apl1606,,126,,,,Size,XL,0,1,Color,OFF WH/CORAL,0,1
variation,1,0,visible,taxable,1,0,0,,apl1606,,126,,,,Size,2XL,0,1,Color,OFF WH/PERRY,0,1
variation,1,0,visible,taxable,1,0,0,,apl1606,,126,,,,Size,2XL,0,1,Color,OFF WH/CORAL,0,1
variation,1,0,visible,taxable,1,0,0,,apl1606,,126,,,,Size,XXS,0,1,Color,OFF WH/PERRY,0,1
variation,1,0,visible,taxable,1,0,0,,apl1606,,126,,,,Size,XXS,0,1,Color,OFF WH/CORAL,0,1
variation,1,0,visible,taxable,1,0,0,,apl1606,,126,,,,Size,XS,0,1,Color,OFF WH/PERRY,0,1
variable,1,0,visible,taxable,1,0,0,,,Prom Dresses 2019 APL1611,269,,apl1611,https://cdn.shopify.com/s/files/1/0027/1076/5666/products/a969be4e-1882-4b1a-8ec9-55602b01f765_ee6f36cd-8065-4dd7-8382-bda948bd4248.jpg?v=1571710310,Size,"2XL,M,S",0,1,Color,"CORAL,AQUA",0,1
variation,1,0,visible,taxable,1,0,0,,apl1611,,253,,,,Size,2XL,0,1,Color,CORAL,0,1
variation,1,0,visible,taxable,1,0,0,,apl1611,,269,,,,Size,M,0,1,Color,AQUA,0,1
variation,1,0,visible,taxable,1,0,0,,apl1611,,269,,,,Size,S,0,1,Color,CORAL,0,1
variable,1,0,visible,taxable,1,0,0,,,Formal Prom Dresses with Halter Bodice APL1617,104,"<p>A-Line Full Length Prom and Evening Dress with Beading Embellished Halter Bodice Featuring Semi Sheer Detail and Cutout Back with Zipper Closure, Softly Gathered Chiffon Skirt Completes the Style.</p>",apl1617,https://cdn.shopify.com/s/files/1/0027/1076/5666/products/ef4e190a-3d3b-4db6-82f2-6fbfcb28497b_62deed20-60df-4213-94d0-64e637bea5b9.jpg?v=1571710310,Size,"XXS,M,L,XL,2XL,3XL",0,1,Color,"MINT,NAVY,OFF WHITE,PINK,CORAL",0,1
variation,1,0,visible,taxable,1,0,0,,apl1617,,104,,,https://cdn.shopify.com/s/files/1/0027/1076/5666/products/57e20e14-1fa1-46cd-9640-e8d80490ec9d_b95fe46e-0b37-452a-acd8-6c51071c66fd.jpg?v=1571710310,Size,XXS,0,1,Color,MINT,0,1
variation,1,0,visible,taxable,1,0,0,,apl1617,,104,,,https://cdn.shopify.com/s/files/1/0027/1076/5666/products/cdc0bd00-1347-4be8-a936-df020be54daf_51c33dc8-6cde-4a15-a3df-f0cec6238ff6.jpg?v=1571710310,Size,XXS,0,1,Color,NAVY,0,1
variation,1,0,visible,taxable,1,0,0,,apl1617,,104,,,https://cdn.shopify.com/s/files/1/0027/1076/5666/products/69bb3be8-4b60-4b84-a378-984a16c71997_fe3a068c-c027-434b-8f49-ed47e2882be1.jpg?v=1571710310,Size,XXS,0,1,Color,OFF WHITE,0,1
variation,1,0,visible,taxable,1,0,0,,apl1617,,104,,,https://cdn.shopify.com/s/files/1/0027/1076/5666/products/6aa997c3-82aa-4db6-8f0b-66e610a769e3_699c444c-5580-421d-8f95-bede495879ed.jpg?v=1571710310,Size,XXS,0,1,Color,PINK,0,1
variation,1,0,visible,taxable,1,0,0,,apl1617,,104,,,https://cdn.shopify.com/s/files/1/0027/1076/5666/products/ccaf2417-dd7f-4a62-82a8-41a6a81a34f7_2dfb40ec-c16b-4013-9043-3d923a8218f3.jpg?v=1571710310,Size,XS,0,1,Color,CORAL,0,1
variation,1,0,visible,taxable,1,0,0,,apl1617,,104,,,,Size,XS,0,1,Color,MINT,0,1
variation,1,0,visible,taxable,1,0,0,,apl1617,,104,,,,Size,XS,0,1,Color,NAVY,0,1
variation,1,0,visible,taxable,1,0,0,,apl1617,,104,,,,Size,XS,0,1,Color,OFF WHITE,0,1
variation,1,0,visible,taxable,1,0,0,,apl1617,,104,,,,Size,XS,0,1,Color,PINK,0,1
variation,1,0,visible,taxable,1,0,0,,apl1617,,104,,,,Size,S,0,1,Color,CORAL,0,1
variation,1,0,visible,taxable,1,0,0,,apl1617,,104,,,,Size,S,0,1,Color,MINT,0,1
variation,1,0,visible,taxable,1,0,0,,apl1617,,104,,,,Size,S,0,1,Color,NAVY,0,1
variation,1,0,visible,taxable,1,0,0,,apl1617,,104,,,,Size,S,0,1,Color,OFF WHITE,0,1
variation,1,0,visible,taxable,1,0,0,,apl1617,,104,,,,Size,S,0,1,Color,PINK,0,1
variation,1,0,visible,taxable,1,0,0,,apl1617,,104,,,,Size,M,0,1,Color,CORAL,0,1
variation,1,0,visible,taxable,1,0,0,,apl1617,,104,,,,Size,M,0,1,Color,MINT,0,1
variation,1,0,visible,taxable,1,0,0,,apl1617,,104,,,,Size,M,0,1,Color,NAVY,0,1
variation,1,0,visible,taxable,1,0,0,,apl1617,,104,,,,Size,M,0,1,Color,OFF WHITE,0,1
variation,1,0,visible,taxable,1,0,0,,apl1617,,104,,,,Size,M,0,1,Color,PINK,0,1
variation,1,0,visible,taxable,1,0,0,,apl1617,,104,,,,Size,L,0,1,Color,CORAL,0,1
variation,1,0,visible,taxable,1,0,0,,apl1617,,104,,,,Size,L,0,1,Color,MINT,0,1
variation,1,0,visible,taxable,1,0,0,,apl1617,,104,,,,Size,L,0,1,Color,NAVY,0,1
variation,1,0,visible,taxable,1,0,0,,apl1617,,104,,,,Size,L,0,1,Color,OFF WHITE,0,1
variation,1,0,visible,taxable,1,0,0,,apl1617,,104,,,,Size,L,0,1,Color,PINK,0,1
variation,1,0,visible,taxable,1,0,0,,apl1617,,104,,,,Size,XL,0,1,Color,CORAL,0,1
variation,1,0,visible,taxable,1,0,0,,apl1617,,104,,,,Size,XL,0,1,Color,MINT,0,1
variation,1,0,visible,taxable,1,0,0,,apl1617,,104,,,,Size,XL,0,1,Color,NAVY,0,1
variation,1,0,visible,taxable,1,0,0,,apl1617,,104,,,,Size,XL,0,1,Color,OFF WHITE,0,1
variation,1,0,visible,taxable,1,0,0,,apl1617,,104,,,,Size,XL,0,1,Color,PINK,0,1
variation,1,0,visible,taxable,1,0,0,,apl1617,,104,,,,Size,2XL,0,1,Color,CORAL,0,1
variation,1,0,visible,taxable,1,0,0,,apl1617,,104,,,,Size,2XL,0,1,Color,MINT,0,1
variation,1,0,visible,taxable,1,0,0,,apl1617,,104,,,,Size,2XL,0,1,Color,NAVY,0,1
variation,1,0,visible,taxable,1,0,0,,apl1617,,104,,,,Size,2XL,0,1,Color,OFF WHITE,0,1
variation,1,0,visible,taxable,1,0,0,,apl1617,,104,,,,Size,2XL,0,1,Color,PINK,0,1
variation,1,0,visible,taxable,1,0,0,,apl1617,,104,,,,Size,3XL,0,1,Color,CORAL,0,1
variation,1,0,visible,taxable,1,0,0,,apl1617,,104,,,,Size,3XL,0,1,Color,MINT,0,1
variation,1,0,visible,taxable,1,0,0,,apl1617,,104,,,,Size,3XL,0,1,Color,NAVY,0,1
variation,1,0,visible,taxable,1,0,0,,apl1617,,104,,,,Size,3XL,0,1,Color,OFF WHITE,0,1
variation,1,0,visible,taxable,1,0,0,,apl1617,,104,,,,Size,3XL,0,1,Color,PINK,0,1
variable,1,0,visible,taxable,1,0,0,,,Modest Evening Gowns APL1624,87,"<p>Sheath Shape Floor Length Formal Modest Evening Gowns with Sparkling Beading Adorned Bodice with High Neck and Beaded Back with Cutouts, Solid Color Long Skirt has Train Detail and Above Knee Length Slit.</p>",apl1624,https://cdn.shopify.com/s/files/1/0027/1076/5666/products/4a745b59-30b7-45e7-8d8e-bd13d7a66f7b_cb950d68-fa0d-404e-9566-dd75a8f59e24.jpg?v=1571710310,Size,"XXS,M,L,XL,2XL",0,1,Color,"FUCHSIA,MINT,OFF WHITE,ROYAL BLUE,CORAL",0,1
variation,1,0,visible,taxable,1,0,0,,apl1624,,87,,,https://cdn.shopify.com/s/files/1/0027/1076/5666/products/c8da051c-da2e-40ff-84c1-160d46566578_16a5beb2-bb31-4a25-95d8-176391e90a40.jpg?v=1571710310,Size,XXS,0,1,Color,FUCHSIA,0,1
