Type,Published,Is Featured,Visibility,Tax Status,In Stock,Backorder,Sold Individually,Allow Customer Reviews,Parent,Name,Regular Price,Description,SKU,Image,Attribute 1 Name,Attribute 1 Value,Attribute 1 Visibility,Attribute 1 Global,Attribute 2 Name,Attribute 2 Value,Attribute 1 Visibility,Attribute 1 Global
<li></li>
<li>Quick order procession</li></ul>",tk19k69039u10,https://cdn.shopify.com/s/files/1/0027/1076/5666/products/1_org_zoom_e719c389-1bf1-4587-9ecc-b2c957c45367.jpg?v=1574958093,Size,"M,L,XL",0,1,Color,GRAY,0,1
variation,1,0,visible,taxable,1,0,0,,tk19k69039u10,,220,,,https://cdn.shopify.com/s/files/1/0027/1076/5666/products/TK-Size-Chart_2ef2d5f1-b7c5-4caf-937a-bd68d892a46a.jpg?v=1574958094,Size,M,0,1,Color,GRAY,0,1
variation,1,0,visible,taxable,1,0,0,,tk19k69039u10,,220,,,https://cdn.shopify.com/s/files/1/0027/1076/5666/products/2_org_zoom_2dc3cc16-5f47-4379-acbf-7b20d93521f0.jpg?v=1574958094,Size,L,0,1,Color,GRAY,0,1
variation,1,0,visible,taxable,1,0,0,,tk19k69039u10,,220,,,https://cdn.shopify.com/s/files/1/0027/1076/5666/products/5_org_zoom_c7e3aaa5-06ae-4fb2-8c9a-6e11d2c0cebd.jpg?v=1574958094,Size,XL,0,1,Color,GRAY,0,1
variable,1,0,visible,taxable,1,0,0,,,Red One Shoulder Short Sheath Cocktail Dress TKTWOAW20EL1849,25,"<p>Red One Shoulder Sheath Shape Short Evening Prom Bridesmaid Dress with open back and zipper closure.</p><ul class=""a-unordered-list a-vertical a-spacing-none""><li><span class=""a-list-item"">Material: 100% Polyester<br></span></li><li><span class=""a-list-item"">One Shoulder <br></span></li><li><span class=""a-list-item"">Short Dress <br></span></li><li>Sheath Silhouette <span class=""a-list-item"">Long </span>Dress</li><li>åÊConcealed Back Zipper makes it easy to put on and take off.</li><li><span class=""a-list-item"">Occasion: Formal, Evening, Guest of Wedding, Gala, Party, Banquet and Special Occasion.</span></li><li><span class=""a-list-item"">Garment Care:åÊ<span>Dry Clean SuggestedåÊ</span></span></li></ul><p></p><ul><li></li>
<li></li>
<li>Quick order procession</li></ul>",tktwoaw20el1849,https://cdn.shopify.com/s/files/1/0027/1076/5666/products/1_org_zoom_b0f4266c-64bd-4d72-b7c7-eb0fa1505be2.jpg?v=1574959551,Size,,0,1,Color,,0,1
variable,1,0,visible,taxable,1,0,0,,,Red Sequined V-Neckline Sleeveless Marmaid Shape TK1460,102,"<p>Red V-Neckline Sequined Mermaid Shape Deep V-Back Long Evening Prom Bridesmaid Dress with open back and zipper closure.</p><ul class=""a-unordered-list a-vertical a-spacing-none""><li><span class=""a-list-item"">Material: 100% Polyester<br></span></li><li><span class=""a-list-item"">V-Neckline <br></span></li><li><span class=""a-list-item"">Sleeveless Long Dress <br></span></li><li>Mermaid Silhouette <span class=""a-list-item"">Long </span>Dress</li><li>åÊConcealed Back Zipper makes it easy to put on and take off.</li><li><span class=""a-list-item"">Occasion: Formal, Evening, Guest of Wedding, Gala, Party, Banquet and Special Occasion.</span></li><li><span class=""a-list-item"">Garment Care:åÊ<span>Dry Clean SuggestedåÊ</span></span></li></ul><p></p><ul><li></li>
<li></li>
<li>Quick order procession</li></ul>",tk1460,https://cdn.shopify.com/s/files/1/0027/1076/5666/products/1_org_zoom_68002149-bbbe-494a-bf05-1dcf7a2a4e47.jpg?v=1574959597,Size,"M,L",0,1,Color,RED,0,1
variation,1,0,visible,taxable,1,0,0,,tk1460,,102,,,https://cdn.shopify.com/s/files/1/0027/1076/5666/products/TK-Size-Chart_fd0300fc-8893-4b46-af1b-d02ea4b6b2e4.jpg?v=1574956987,Size,M,0,1,Color,RED,0,1
variation,1,0,visible,taxable,1,0,0,,tk1460,,102,,,https://cdn.shopify.com/s/files/1/0027/1076/5666/products/3_org_zoom_7ac25224-c5e5-444b-aced-e604ed90a9f4.jpg?v=1574956988,Size,L,0,1,Color,RED,0,1
variation,1,0,visible,taxable,1,0,0,,tk1460,,,,,https://cdn.shopify.com/s/files/1/0027/1076/5666/products/4_org_zoom_82a1e870-6272-484b-9f12-5a0372805905.jpg?v=1574956988,Size,,0,1,Color,,0,1
variable,1,0,visible,taxable,1,0,0,,,One Shoulder Blue Marmaid Shape Long Dress TK3847MKSP,55,"<p>Blue One Shoulder Lace Top Mermaid Shape Long Evening Prom Bridesmaid Dress with open back and zipper closure.</p><ul class=""a-unordered-list a-vertical a-spacing-none""><li><span class=""a-list-item"">Material: 100% Polyester<br></span></li><li><span class=""a-list-item"">One Shoulder<br></span></li><li><span class=""a-list-item"">One side long sleeve dress<br></span></li><li>Mermaid Silhouette <span class=""a-list-item"">Long </span>Dress</li><li>åÊConcealed Back Zipper makes it easy to put on and take off.</li><li><span class=""a-list-item"">Occasion: Formal, Evening, Guest of Wedding, Gala, Party, Banquet and Special Occasion.</span></li><li><span class=""a-list-item"">Garment Care:åÊ<span>Dry Clean SuggestedåÊ</span></span></li></ul><p></p><ul><li></li>
<li></li>
<li>Quick order procession</li></ul>",tk3847mksp,https://cdn.shopify.com/s/files/1/0027/1076/5666/products/1_org_zoom_0d79cb56-c314-413c-9e2a-73f8da6b1fa8.jpg?v=1574959874,Size,,0,1,Color,,0,1
variable,1,0,visible,taxable,1,0,0,,,Bateau Neckline Silver Black Sequined Long Dress TK19K69036U10,138,"<p>Silver Black Bateau Neckline Sequined Mermaid Shape Long Evening Prom Bridesmaid Dress with open back and zipper closure.</p><ul class=""a-unordered-list a-vertical a-spacing-none""><li><span class=""a-list-item"">Material: 100% Polyester<br></span></li><li><span class=""a-list-item"">Bateau Neckline <br></span></li><li><span class=""a-list-item"">Cap Sleeves Long Dress <br></span></li><li>Mermaid Silhouette <span class=""a-list-item"">Long </span>Dress</li><li><span class=""a-list-item"">Bateau Neckline</span>, Mermaid Silhouette, <span class=""a-list-item"">Long </span>Length, Concealed Back Zipper makes it easy to put on and take off.</li><li><span class=""a-list-item"">Occasion: Formal, Evening, Guest of Wedding, Gala, Party, Banquet and Special Occasion.</span></li><li><span class=""a-list-item"">Garment Care:åÊ<span>Dry Clean SuggestedåÊ</span></span></li></ul><p></p><ul><li></li>
<li></li>
<li>Quick order procession</li></ul>",tk19k69036u10,https://cdn.shopify.com/s/files/1/0027/1076/5666/products/1_org_zoom_b914b2eb-c127-4418-907a-249aac2b924a.jpg?v=1574952288,Size,"M,L",0,1,Color,SILVER BLACK,0,1
variation,1,0,visible,taxable,1,0,0,,tk19k69036u10,,95,,,https://cdn.shopify.com/s/files/1/0027/1076/5666/products/2_org_zoom_fc04b17d-4a7f-41d6-a0d4-13a3349d5993.jpg?v=1580919197,Size,M,0,1,Color,SILVER BLACK,0,1
variation,1,0,visible,taxable,1,0,0,,tk19k69036u10,,138,,,https://cdn.shopify.com/s/files/1/0027/1076/5666/products/3_org_zoom_47437099-d81e-485e-99e3-ecbf066bc55f.jpg?v=1580919197,Size,L,0,1,Color,SILVER BLACK,0,1
variable,1,0,visible,taxable,1,0,0,,,Blush Midi Length Long Sleeve Formal Dress TK20KEL569K115,90,"<p>Blush A-Line Shape V-Neckline Long Sleeve with belt and pleated skirt, covered backåÊ and zipper closure.</p><ul class=""a-unordered-list a-vertical a-spacing-none""><li><span class=""a-list-item"">Material: 100% Polyester<br></span></li><li><span class=""a-list-item"">V-Neckline <br></span></li><li><span class=""a-list-item"">Long Sleeve Dress <br></span></li><li>A-LIne Silhouette Short<span class=""a-list-item""> </span>Dress</li><li><span class=""a-list-item"">V-Neckline</span>, Short<span class=""a-list-item""> </span>Length, Concealed Back Zipper makes it easy to put on and take off.</li><li><span class=""a-list-item"">Occasion: Formal, Evening, Guest of Wedding, Gala, Party, Banquet and Special Occasion.</span></li><li><span class=""a-list-item"">Garment Care:åÊ<span>Dry Clean SuggestedåÊ</span></span></li></ul><p></p><ul><li></li>
<li></li>
<li>Quick order procession</li></ul>",tk20kel569k115,https://cdn.shopify.com/s/files/1/0027/1076/5666/products/3_org_zoom_ffd037b5-d4b0-4fc6-b04b-fbd5f1483cf0.jpg?v=1574952464,Size,"L,XL",0,1,Color,PURPLE,0,1
variation,1,0,visible,taxable,1,0,0,,tk20kel569k115,,90,,,https://cdn.shopify.com/s/files/1/0027/1076/5666/products/TK-Size-Chart_dd785209-d2cb-45c9-a21e-a2c76d5e7228.jpg?v=1574872946,Size,L,0,1,Color,PURPLE,0,1
variation,1,0,visible,taxable,1,0,0,,tk20kel569k115,,90,,,https://cdn.shopify.com/s/files/1/0027/1076/5666/products/4_org_zoom_3fd7c422-e4e5-4b3b-a0b9-c96f5429b647.jpg?v=1574872946,Size,XL,0,1,Color,PURPLE,0,1
variation,1,0,visible,taxable,1,0,0,,tk20kel569k115,,,,,https://cdn.shopify.com/s/files/1/0027/1076/5666/products/5_org_zoom_11ebb3cd-bb85-41ab-bd30-57a164e6ed65.jpg?v=1574872946,Size,,0,1,Color,,0,1
variable,1,0,visible,taxable,1,0,0,,,Purple Midi Length Long Sleeve Dress TK20KEL569K116,71,"<p>Purple A-Line ShapeåÊ Round Neckline Long Sleeve with red belt covered back and zipper closure.</p><ul class=""a-unordered-list a-vertical a-spacing-none""><li><span class=""a-list-item"">Material: 100% Polyester<br></span></li><li><span class=""a-list-item"">Rounded Neckline <br></span></li><li><span class=""a-list-item"">Long Sleeve Dress <br></span></li><li>A-LIne Silhouette Short<span class=""a-list-item""> </span>Dress</li><li><span class=""a-list-item"">V-Neckline</span>, Midi<span class=""a-list-item""> </span>Length, Concealed Back Zipper makes it easy to put on and take off.</li><li><span class=""a-list-item"">Occasion: Formal, Evening, Guest of Wedding, Gala, Party, Banquet and Special Occasion.</span></li><li><span class=""a-list-item"">Garment Care:åÊ<span>Dry Clean SuggestedåÊ</span></span></li></ul><p></p><ul><li></li>
<li></li>
<li>Quick order procession</li></ul>",tk20kel569k116,https://cdn.shopify.com/s/files/1/0027/1076/5666/products/1_org_zoom_8f124a17-bf1f-4f09-b1f1-f133e0ba5ca2.jpg?v=1574872114,Size,"M,L",0,1,Color,PURPLE,0,1
variation,1,0,visible,taxable,1,0,0,,tk20kel569k116,,71,,,https://cdn.shopify.com/s/files/1/0027/1076/5666/products/TK-Size-Chart_8b780bcd-ad59-41f7-ba81-edddc898685e.jpg?v=1574871296,Size,M,0,1,Color,PURPLE,0,1
variation,1,0,visible,taxable,1,0,0,,tk20kel569k116,,71,,,https://cdn.shopify.com/s/files/1/0027/1076/5666/products/3_org_zoom_880dd213-861c-4724-83ff-b012698f2473.jpg?v=1574871296,Size,L,0,1,Color,PURPLE,0,1
variation,1,0,visible,taxable,1,0,0,,tk20kel569k116,,,,,https://cdn.shopify.com/s/files/1/0027/1076/5666/products/4_org_zoom_ef3d877e-3ce7-432d-9082-0fa6e648f4b7.jpg?v=1574871296,Size,,0,1,Color,,0,1
variable,1,0,visible,taxable,1,0,0,,,Red Midi Length Long Sleeve Dress With Black Belt TK20KEL569K116,71,"<p>Red A-Line Shape Round Neckline Long Sleeve with Black Belt covered back and zipper closure.</p><ul class=""a-unordered-list a-vertical a-spacing-none""><li><span class=""a-list-item"">Material: 100% Polyester<br></span></li><li><span class=""a-list-item"">Rounded Neckline <br></span></li><li><span class=""a-list-item"">Long Sleeve Dress <br></span></li><li>A-LIne Silhouette Short<span class=""a-list-item""> </span>Dress</li><li><span class=""a-list-item"">V-Neckline</span>, Midi<span class=""a-list-item""> </span>Length, Concealed Back Zipper makes it easy to put on and take off.</li><li><span class=""a-list-item"">Occasion: Formal, Evening, Guest of Wedding, Gala, Party, Banquet and Special Occasion.</span></li><li><span class=""a-list-item"">Garment Care:åÊ<span>Dry Clean SuggestedåÊ</span></span></li></ul><p></p><ul><li></li>
<li></li>
<li>Quick order procession</li></ul>",tk20kel569k116,https://cdn.shopify.com/s/files/1/0027/1076/5666/products/1_org_zoom_28d8d0f3-56b4-4df9-a458-ca06ec6276d2.jpg?v=1574872176,Size,"M,L",0,1,Color,RED,0,1
variation,1,0,visible,taxable,1,0,0,,tk20kel569k116,,71,,,https://cdn.shopify.com/s/files/1/0027/1076/5666/products/TK-Size-Chart_86894ff8-3e8a-47b8-965c-aae3c8511958.jpg?v=1574870736,Size,M,0,1,Color,RED,0,1
variation,1,0,visible,taxable,1,0,0,,tk20kel569k116,,71,,,https://cdn.shopify.com/s/files/1/0027/1076/5666/products/2_org_zoom_e0c4b924-18f7-43dd-a5ed-85b82835d016.jpg?v=1574870736,Size,L,0,1,Color,RED,0,1
variation,1,0,visible,taxable,1,0,0,,tk20kel569k116,,,,,https://cdn.shopify.com/s/files/1/0027/1076/5666/products/4_org_zoom_e2f23314-c254-43de-8862-fc8e4964d640.jpg?v=1574870736,Size,,0,1,Color,,0,1
variable,1,0,visible,taxable,1,0,0,,,Black Midi Length Long Sleeve Dress TK20KEL569K116,71,"<p>Black A-Line ShapeåÊ Round Neckline Long Sleeve with red belt covered back and zipper closure.</p><ul class=""a-unordered-list a-vertical a-spacing-none""><li><span class=""a-list-item"">Material: 100% Polyester<br></span></li><li><span class=""a-list-item"">Rounded Neckline <br></span></li><li><span class=""a-list-item"">Long Sleeve Dress <br></span></li><li>A-LIne Silhouette Short<span class=""a-list-item""> </span>Dress</li><li><span class=""a-list-item"">V-Neckline</span>, Midi<span class=""a-list-item""> </span>Length, Concealed Back Zipper makes it easy to put on and take off.</li><li><span class=""a-list-item"">Occasion: Formal, Evening, Guest of Wedding, Gala, Party, Banquet and Special Occasion.</span></li><li><span class=""a-list-item"">Garment Care:åÊ<span>Dry Clean SuggestedåÊ</span></span></li></ul><p></p><ul><li></li>
<li></li>
<li>Quick order procession</li></ul>",tk20kel569k116,https://cdn.shopify.com/s/files/1/0027/1076/5666/products/3_org_zoom_e5f2849e-b3cc-45f4-9fc5-c166833d0445.jpg?v=1574872210,Size,"M,L",0,1,Color,BLACK,0,1
variation,1,0,visible,taxable,1,0,0,,tk20kel569k116,,71,,,https://cdn.shopify.com/s/files/1/0027/1076/5666/products/TK-Size-Chart_63ca4fce-bb99-4a57-8cef-5f351ebd69bb.jpg?v=1574870379,Size,M,0,1,Color,BLACK,0,1
variation,1,0,visible,taxable,1,0,0,,tk20kel569k116,,71,,,https://cdn.shopify.com/s/files/1/0027/1076/5666/products/4_org_zoom_3ee41223-0dc6-4b90-9121-ca9d75bd6f19.jpg?v=1574870379,Size,L,0,1,Color,BLACK,0,1
variation,1,0,visible,taxable,1,0,0,,tk20kel569k116,,,,,https://cdn.shopify.com/s/files/1/0027/1076/5666/products/2_org_zoom_48ea688c-344c-406f-9c51-be35ab309bd8.jpg?v=1574870379,Size,,0,1,Color,,0,1
variable,1,0,visible,taxable,1,0,0,,,Burgundy Midi Length Long Sleeve Dress TK20KEL569K116,47,"<p>Burgundy A-Line ShapeåÊ Round Neckline Long Sleeve with red belt covered back and zipper closure.</p><ul class=""a-unordered-list a-vertical a-spacing-none""><li><span class=""a-list-item"">Material: 100% Polyester<br></span></li><li><span class=""a-list-item"">Rounded Neckline <br></span></li><li><span class=""a-list-item"">Long Sleeve Dress <br></span></li><li>A-LIne Silhouette Short<span class=""a-list-item""> </span>Dress</li><li><span class=""a-list-item"">V-Neckline</span>, Midi<span class=""a-list-item""> </span>Length, Concealed Back Zipper makes it easy to put on and take off.</li><li><span class=""a-list-item"">Occasion: Formal, Evening, Guest of Wedding, Gala, Party, Banquet and Special Occasion.</span></li><li><span class=""a-list-item"">Garment Care:åÊ<span>Dry Clean SuggestedåÊ</span></span></li></ul><p></p><ul><li></li>
<li></li>
<li>Quick order procession</li></ul>",tk20kel569k116,https://cdn.shopify.com/s/files/1/0027/1076/5666/products/2_org_zoom_5b2cea81-3851-4146-8164-dcb28e38f23a.jpg?v=1574872244,Size,"M,L,XL",0,1,Color,BURGUNDY,0,1
variation,1,0,visible,taxable,1,0,0,,tk20kel569k116,,47,,,https://cdn.shopify.com/s/files/1/0027/1076/5666/products/TK-Size-Chart_45fc96c4-be15-4c7c-89e9-79f47d8d5353.jpg?v=1581003503,Size,M,0,1,Color,BURGUNDY,0,1
variation,1,0,visible,taxable,1,0,0,,tk20kel569k116,,47,,,,Size,L,0,1,Color,BURGUNDY,0,1
variation,1,0,visible,taxable,1,0,0,,tk20kel569k116,,71,,,,Size,XL,0,1,Color,BURGUNDY,0,1
variable,1,0,visible,taxable,1,0,0,,,Plus Size Red Sheath Shape Illusion Neckline Evening Dress TKELB000138151,75,"<p>Long Bell Sleeves Illusion Scoop Neckline Sheath Shape Short Evening Mother of the Brides Dress with covered back and zipper closure.</p><ul class=""a-unordered-list a-vertical a-spacing-none""><li><span class=""a-list-item"">Material: 100% Polyester<br></span></li><li><span class=""a-list-item"">Scoop Neckline <br></span></li><li><span class=""a-list-item"">Long Sleeves Short Dress <br></span></li><li>Sheath Silhouette <span class=""a-list-item"">Short </span>Dress</li><li><span class=""a-list-item"">Scoop Neckline</span>, SheathåÊ Silhouette, <span class=""a-list-item"">Short </span>Length, Concealed Back Zipper makes it easy to put on and take off.</li><li><span class=""a-list-item"">Occasion: Formal, Evening, Guest of Wedding, Gala, Party, Banquet and Special Occasion.</span></li><li><span class=""a-list-item"">Garment Care:åÊ<span>Dry Clean SuggestedåÊ</span></span></li></ul><p></p><ul><li></li>
<li></li>
<li>Quick order procession</li></ul>",tkelb000138151,https://cdn.shopify.com/s/files/1/0027/1076/5666/products/ELB000138151VSN44_1_org_zoom.jpg?v=1574786428,Size,,0,1,Color,,0,1
variable,1,0,visible,taxable,1,0,0,,,Illusion Rounded Neck Bell Sleeves Pine Green Color Short Dress TKELB000138151,99,"<p>Long Bell Sleeves Illusion Scoop Neckline Sheath Shape Short Evening Mother of the Brides Dress with Open V-back and zipper closure.</p><ul class=""a-unordered-list a-vertical a-spacing-none""><li><span class=""a-list-item"">Material: 100% Polyester<br></span></li><li><span class=""a-list-item"">Scoop Neckline <br></span></li><li><span class=""a-list-item"">Long Sleeves Short Dress <br></span></li><li>Sheath Silhouette <span class=""a-list-item"">Short </span>Dress</li><li><span class=""a-list-item"">Scoop Neckline</span>, SheathåÊ Silhouette, <span class=""a-list-item"">Short </span>Length, Concealed Back Zipper makes it easy to put on and take off.</li><li><span class=""a-list-item"">Occasion: Formal, Evening, Guest of Wedding, Gala, Party, Banquet and Special Occasion.</span></li><li><span class=""a-list-item"">Garment Care:åÊ<span>Dry Clean SuggestedåÊ</span></span></li></ul><p></p><ul><li></li>
<li></li>
<li>Quick order procession</li></ul>",tkelb000138151,https://cdn.shopify.com/s/files/1/0027/1076/5666/products/ELB000138151PTL56_3_org_zoom.jpg?v=1574785902,Size,10XL,0,1,Color,GREEN,0,1
variation,1,0,visible,taxable,1,0,0,,tkelb000138151,,99,,,https://cdn.shopify.com/s/files/1/0027/1076/5666/products/ELB000138151PTL56_2_org_zoom.jpg?v=1574785902,Size,10XL,0,1,Color,GREEN,0,1
variation,1,0,visible,taxable,1,0,0,,tkelb000138151,,,,,https://cdn.shopify.com/s/files/1/0027/1076/5666/products/ELB000138151PTL56_4_org_zoom.jpg?v=1574785902,Size,,0,1,Color,,0,1
variable,1,0,visible,taxable,1,0,0,,,Illusion Rounded Neck Bell Sleeves Burgundy Short Dress TKELB000138151,75,"<p>Long Bell Sleeves Illusion Scoop Neckline Sheath Shape Short Evening Mother of the Brides Dress with Open V-back and zipper closure.</p><ul class=""a-unordered-list a-vertical a-spacing-none""><li><span class=""a-list-item"">Material: 100% Polyester<br></span></li><li><span class=""a-list-item"">Scoop Neckline <br></span></li><li><span class=""a-list-item"">Long Sleeves Short Dress <br></span></li><li>Sheath Silhouette <span class=""a-list-item"">Short </span>Dress</li><li><span class=""a-list-item"">Scoop Neckline</span>, SheathåÊ Silhouette, <span class=""a-list-item"">Short </span>Length, Concealed Back Zipper makes it easy to put on and take off.</li><li><span class=""a-list-item"">Occasion: Formal, Evening, Guest of Wedding, Gala, Party, Banquet and Special Occasion.</span></li><li><span class=""a-list-item"">Garment Care:åÊ<span>Dry Clean SuggestedåÊ</span></span></li></ul><p></p><ul><li></li>
<li></li>
<li>Quick order procession</li></ul>",tkelb000138151,https://cdn.shopify.com/s/files/1/0027/1076/5666/products/ELB000138151MRD48_1_org_zoom.jpg?v=1574785675,Size,5XL,0,1,Color,BURGUNDY,0,1
variation,1,0,visible,taxable,1,0,0,,tkelb000138151,,75,,,https://cdn.shopify.com/s/files/1/0027/1076/5666/products/ELB000138151MRD48_3_org_zoom.jpg?v=1581351440,Size,5XL,0,1,Color,BURGUNDY,0,1
variable,1,0,visible,taxable,1,0,0,,,Illusion Neck Bell Sleeves Light Cyan Color Short Dress TKELB000138151,99,"<p>Long Bell Sleeves Illusion Scoop Neckline Sheath Shape Short Evening Mother of the Brides Dress with covered back and zipper closure.</p><ul class=""a-unordered-list a-vertical a-spacing-none""><li><span class=""a-list-item"">Material: 100% Polyester<br></span></li><li><span class=""a-list-item"">Scoop Neckline <br></span></li><li><span class=""a-list-item"">Long Sleeves Short Dress <br></span></li><li>Sheath Silhouette <span class=""a-list-item"">Short </span>Dress</li><li><span class=""a-list-item"">Scoop Neckline</span>, SheathåÊ Silhouette, <span class=""a-list-item"">Short </span>Length, Concealed Back Zipper makes it easy to put on and take off.</li><li><span class=""a-list-item"">Occasion: Formal, Evening, Guest of Wedding, Gala, Party, Banquet and Special Occasion.</span></li><li><span class=""a-list-item"">Garment Care:åÊ<span>Dry Clean SuggestedåÊ</span></span></li></ul><p></p><ul><li></li>
<li></li>
<li>Quick order procession</li></ul>",tkelb000138151,https://cdn.shopify.com/s/files/1/0027/1076/5666/products/ELB000138151MVI60_1_org_zoom.jpg?v=1574784913,Size,10XL,0,1,Color,LIGHT CYAN,0,1
variation,1,0,visible,taxable,1,0,0,,tkelb000138151,,99,,,https://cdn.shopify.com/s/files/1/0027/1076/5666/products/ELB000138151MVI60_2_org_zoom.jpg?v=1574784913,Size,10XL,0,1,Color,LIGHT CYAN,0,1
variation,1,0,visible,taxable,1,0,0,,tkelb000138151,,,,,https://cdn.shopify.com/s/files/1/0027/1076/5666/products/ELB000138151MVI60_3_org_zoom.jpg?v=1574784913,Size,,0,1,Color,,0,1
variable,1,0,visible,taxable,1,0,0,,,Plus Size A-Line Shape Black Midi Length Dress TKS-20K2580001,143,"<p>Midi Length V-Neckline A-Line Shape Dress with Long Mesh Sleeves and a Belt at the waist . Covered Back and Zipper Closure.</p><div class=""product-detail spaced-row container cf""><div class=""description user-content lightboximages padded-row""><div class=""std""><div class=""std""><div class=""std""><div class=""std""><div class=""std""><div class=""std""><div class=""std""><div class=""std""><div class=""std""><div class=""shortdescription""><ul class=""a-unordered-list a-vertical a-spacing-none""><li><span class=""a-list-item"">Material: 100% Polyester<br></span></li><li><span class=""a-list-item"">V-Neckline<br></span></li><li><span class=""a-list-item"">Long Sleeves Short DressåÊ</span></li><li>A-Line Silhouette Midi Dress</li><li><span class=""a-list-item"">V-Neckline</span>,A-Line Silhouette, Knee Length,Concealed Back Zipper makes it easy to put on and take off.</li><li><span class=""a-list-item"">Occasion: Formal, Evening, Guest of Wedding, , Gala, Party, Banquet and Special Occasion.</span></li><li><span class=""a-list-item"">Garment Care:åÊ<span>Dry Clean SuggestedåÊ</span></span></li></ul><p></p><ul><li></li>
<li></li>
<li>Quick order procession</li></ul></div></div></div></div></div></div></div></div></div></div></div></div>",20k2580001,https://cdn.shopify.com/s/files/1/0027/1076/5666/products/1_org_zoom_050fcd6c-9a9b-4624-9ddf-d14b3bed83fc.jpg?v=1574793783,Size,"2XL,3XL,4XL",0,1,Color,BLACK,0,1
variation,1,0,visible,taxable,1,0,0,,20k2580001,,143,,,https://cdn.shopify.com/s/files/1/0027/1076/5666/products/2_org_zoom_ab654299-e0cd-4bcb-8d8e-81acc396d545.jpg?v=1574782116,Size,2XL,0,1,Color,BLACK,0,1
variation,1,0,visible,taxable,1,0,0,,20k2580001,,143,,,https://cdn.shopify.com/s/files/1/0027/1076/5666/products/3_org_zoom_1eb36fcb-b07a-451d-b68f-a6be93d2c50c.jpg?v=1574782116,Size,3XL,0,1,Color,BLACK,0,1
variation,1,0,visible,taxable,1,0,0,,20k2580001,,143,,,https://cdn.shopify.com/s/files/1/0027/1076/5666/products/4_org_zoom_4e3d6752-64eb-44bd-a130-09b076239d90.jpg?v=1574782116,Size,4XL,0,1,Color,BLACK,0,1
variation,1,0,visible,taxable,1,0,0,,20k2580001,,,,,https://cdn.shopify.com/s/files/1/0027/1076/5666/products/5_org_zoom_0bc6ca0a-bca6-4ad0-b44a-a7d87177f6e1.jpg?v=1574782116,Size,,0,1,Color,,0,1
variable,1,0,visible,taxable,1,0,0,,,Halter Neckline Marmaid Shape Sleeveless Long Party Dress TK19Y69094U06,155,"<p>Sequined Bodice Sleeveless Halter Neckline Mermaid Shape Long Prom Evening Bridesmaid Dress with Zipper Closure.<br></p><div class=""shortdescription""><div class=""shortdescription""><div class=""shortdescription""><div class=""shortdescription""><div class=""std""><div class=""std""><div class=""std""><div class=""std""><div class=""std""><div class=""std""><ul class=""a-unordered-list a-vertical a-spacing-none""><li><span class=""a-list-item"">Material: 100% Chiffon<br></span></li><li><span class=""a-list-item"">Halter Neckline<br></span></li><li><span class=""a-list-item"">Sleeveless Long DressåÊ</span></li><li>Mermaid Silhouette Long MaxiåÊ Dress</li><li><span class=""a-list-item"">Halter Neckline</span>, Mermaid Silhouette, Maxi Long Length,Concealed Back Zipper makes it easy to put on and take off.</li><li><span class=""a-list-item"">Occasion: Formal, Evening, Guest of Wedding, Mother of the Bride, Gala, Party, Banquet, Prom, Ball, Special Occasion.</span></li><li><span class=""a-list-item"">Garment Care:åÊ<span>Dry Clean SuggestedåÊ</span></span></li></ul><p></p><ul><li></li>
<li></li>
<li></li>
</ul></div></div></div></div></div></div></div></div></div></div>",1,https://cdn.shopify.com/s/files/1/0027/1076/5666/products/1_org_zoom_9.jpg?v=1574535493,Size,"M,XL",0,1,Color,GOLD BLACK,0,1
variation,1,0,visible,taxable,1,0,0,,1,,179,,,https://cdn.shopify.com/s/files/1/0027/1076/5666/products/4_org_zoom_4_7fd53185-bf74-495d-9625-096e1691aaa8.jpg?v=1574535493,Size,M,0,1,Color,GOLD BLACK,0,1
